{"cameraMode":{"drawMode":0,"name":"Shaded","section":"Shading Mode"},"sceneLighting":true,"audioPlay":false,"sceneViewState":{"m_AlwaysRefresh":false,"showFog":true,"showSkybox":true,"showFlares":true,"showImageEffects":true,"showParticleSystems":true,"showVisualEffectGraphs":true,"m_FxEnabled":true},"in2DMode":false,"pivot":{"x":-1.1200000047683716,"y":0.8379999399185181,"z":10.267999649047852},"rotation":{"x":0.1542349010705948,"y":0.49697741866111758,"z":-0.09036415070295334,"w":0.8492186665534973},"size":1.1022703647613526,"orthographic":false}