{"cameraMode":{"drawMode":0,"name":"Shaded","section":"Shading Mode"},"sceneLighting":true,"audioPlay":false,"sceneViewState":{"m_AlwaysRefresh":false,"showFog":true,"showSkybox":true,"showFlares":true,"showImageEffects":true,"showParticleSystems":true,"showVisualEffectGraphs":true,"m_FxEnabled":true},"in2DMode":false,"pivot":{"x":-7.184566497802734,"y":0.4452528953552246,"z":4.361931800842285},"rotation":{"x":0.15301796793937684,"y":-0.6878402829170227,"z":0.15176694095134736,"w":0.6931970715522766},"size":17.773683547973634,"orthographic":false}